{
  "1": {
    "time_sec": 54.15699999999197,
    "iterations": 3,
    "throughput": 0.05539450117252516,
    "mem_mb": 3.53125
  },
  "2": {
    "time_sec": 45.98400000001129,
    "iterations": 5,
    "throughput": 0.10873347251215144,
    "mem_mb": 0.5859375
  },
  "4": {
    "time_sec": 32.84399999999732,
    "iterations": 4,
    "throughput": 0.12178784557302175,
    "mem_mb": 0.078125
  }
}